{"solid":{"shr2":{"Nsolid":0,"shear":0.08,"se":[2.5376871374045797,2.539533142857142,2.538738590476191,2.5388474857142866,2.5399120380952374,2.534957333333333,2.5400096,2.5395160380952384,2.5362559428571436,2.5387243619047615,2.5392663428571423,2.5378524000000007,2.5396589333333326,2.5388371047619045,2.539489828571429,2.5371876,2.5387808190476195,2.5378343238095233,2.537185180952381,2.5385100761904758,2.5376921142857145,2.5373506476190473,2.538631028571429,2.5368624000000004,2.5389925142857144,2.5371576952380956,2.5379519047619046,2.5390862476190477,2.539089619047619,2.5385459999999997,2.540616228571429,2.5401352571428575,2.540051276190477,2.5392306285714286,2.5382408000000005,2.5377697904761907,2.5385115809523815,2.540109352380952,2.5392557904761897,2.5393547809523818],"be":[0.5005224732824426,0.500024499047619,0.4999493314285714,0.500897500952381,0.5003435085714286,0.5000741752380952,0.49969293904761897,0.49991909142857127,0.5002861085714286,0.500224539047619,0.5003232723809521,0.4998387695238095,0.49944846476190474,0.499826017142857,0.49998940571428574,0.5002951390476189,0.500075700952381,0.5002147390476193,0.4995527866666667,0.501093460952381,0.5003832761904764,0.5006867047619049,0.5004949466666669,0.4999190228571427,0.49984451619047626,0.49966241333333344,0.49931093714285724,0.4993333295238094,0.5000384019047619,0.4991534514285714,0.499425697142857,0.5001947314285716,0.5002668304761905,0.4998013580952382,0.5001840095238096,0.4996653695238093,0.5005279104761904,0.4995529161904761,0.5004497009523811,0.4995913333333333]},"shr3":{"Nsolid":0,"shear":0.12,"se":[2.6113323584905666,2.6137345951035784,2.612430903954802,2.612014444444444,2.612807683615819,2.6115431826741995,2.611733766478342,2.610521412429379,2.6121451035781544,2.612302222222222,2.609959039548023,2.6113659510357814,2.613050357815442,2.6100316760828624,2.613374406779661,2.6118355932203396,2.6128871374764593,2.611573898305085,2.612031261770245,2.609879265536723,2.61153472693032,2.6131564030131824,2.6138323540489643,2.613687306967985,2.614467099811676,2.6115063653483994,2.6110424293785317,2.61093879472693,2.6117622787193975,2.613100056497175,2.6110090395480228,2.6099289265536725,2.6112416572504715,2.612389981167608,2.612685517890772,2.6112978531073447,2.612921129943503,2.614791581920904,2.6118725235404896,2.6120428436911487],"be":[0.49990701320754716,0.5000228399246704,0.4989242674199623,0.4995641412429378,0.4993339171374765,0.49922568173258,0.49811622598870053,0.49805623163841806,0.498570032015066,0.49840035593220344,0.49816635404896414,0.49959377966101703,0.4989953973634652,0.49864350470809804,0.49903841619585687,0.49910394538606406,0.49954216572504706,0.4992730150659134,0.4994395235404896,0.49912932015065914,0.49865700188323925,0.49894125047080984,0.49864685499058375,0.49893680790960454,0.4984499811676083,0.4978597344632768,0.4973329811676082,0.4977789246704331,0.4976483785310734,0.4984344934086628,0.49827962146892646,0.49869029378531066,0.49737372693032017,0.49806654613935963,0.4976877363465161,0.4977763013182675,0.4981312561205272,0.49806547834274956,0.49758573446327686,0.49776546516007536]},"shr5":{"Nsolid":0,"shear":0.22,"se":[2.9168471052631575,2.912778255159475,2.9106638461538465,2.911911350844277,2.910611407129456,2.9154801313320826,2.9110522889305814,2.9130064540337712,2.9120111819887424,2.9143106003752344,2.9126539024390246,2.911708968105065,2.9141471294559103,2.914483864915572,2.915595872420263,2.9158725891181994,2.912960619136961,2.912952795497186,2.910817598499062,2.9131606191369612,2.914386585365854,2.9117353283302063,2.9134603939962473,2.911223470919325,2.9115612382739213,2.912514559099437,2.910949230769231,2.9132108255159475,2.911854953095685,2.9110734896810504,2.909091519699812,2.91000435272045,2.908329643527205,2.9097125328330207,2.9089909943714822,2.9124386116322696,2.9121426454033776,2.9121515384615386,2.9118874671669794,2.908593846153846],"be":[0.49386703947368416,0.4925164540337709,0.4915154484052532,0.49100557598499067,0.49092348780487793,0.49231325515947466,0.4909848930581614,0.4915298986866792,0.4897221407129455,0.4896556529080677,0.4891171425891182,0.48930973921200754,0.4889918142589118,0.49026574108818005,0.4899539887429644,0.4895856754221388,0.4901897185741088,0.4884751782363978,0.488366,0.4879566547842402,0.48759581050656664,0.48737308067542207,0.48654438086303936,0.48685451219512205,0.48712748217636026,0.4866894577861162,0.4858464953095684,0.4865380712945592,0.4860115534709193,0.48515854784240153,0.4867058386491557,0.4866397879924954,0.4847949662288931,0.4849572326454034,0.48287963414634155,0.48428161913696066,0.48444498311444656,0.4838979249530956,0.4840587804878051,0.4844151463414635]},"shr4":{"Nsolid":0,"shear":0.16,"se":[2.714079026717558,2.7140308571428573,2.7137697333333337,2.712893371428571,2.712931923809523,2.711249923809523,2.7118579428571428,2.7129739238095234,2.7136534285714284,2.714414609523809,2.7146169523809527,2.712534647619048,2.715054266666667,2.716183904761905,2.712805295238095,2.7138565714285723,2.713751447619048,2.7133778095238097,2.711977942857143,2.714088628571429,2.713736247619048,2.713238380952381,2.71206779047619,2.711906552380953,2.7142506666666666,2.7122707047619046,2.71129659047619,2.7132924952380946,2.7109333904761903,2.7119123047619054,2.7110732571428566,2.7093028,2.710226857142857,2.7100934857142858,2.711270647619048,2.710888704761905,2.7106499809523807,2.7120720380952377,2.7108426666666663,2.7112463428571427],"be":[0.4984593874045802,0.4976616495238096,0.49671163428571424,0.4973542152380952,0.49681985333333323,0.4970218514285716,0.49738194476190484,0.49771260761904745,0.49823041333333323,0.4978476895238095,0.4972591447619048,0.49683550476190486,0.496803041904762,0.4960364857142857,0.49626007428571417,0.49620432761904765,0.4968330057142855,0.49693717142857147,0.49643222857142855,0.49632527619047606,0.4964319066666668,0.4963962114285715,0.4972704647619049,0.4957562971428572,0.4955845142857141,0.4952212514285715,0.4949304704761904,0.4954679485714287,0.4957857580952382,0.49541959238095246,0.49541230666666675,0.4956689657142857,0.4956160761904762,0.4956672838095237,0.49553322666666666,0.4962969066666667,0.49633820952380964,0.4961865504761904,0.4957436571428574,0.49575255428571413]},"shr7":{"Nsolid":0,"shear":0.34,"se":[3.504204737864078,3.5034638953488377,3.5022164341085276,3.502068527131783,3.499975058139535,3.5025336627906976,3.5021036046511633,3.5025836627906974,3.500781220930233,3.5002860852713176,3.5006595736434107,3.499078662790698,3.5015859108527136,3.501060988372093,3.5010226550387595,3.498803837209302,3.498878062015504,3.4998435465116287,3.499085271317829,3.501778798449613,3.5003743023255818,3.4997696899224806,3.4991054844961242,3.497746976744186,3.498413682170542,3.500091356589147,3.4983501744186047,3.498152790697674,3.4986186821705427,3.49919757751938,3.499599050387597,3.5021711821705424,3.501540426356589,3.5025802713178296,3.4985194379844966,3.49823503875969,3.5000377325581393,3.4991031976744194,3.497152151162791,3.498347713178295],"be":[0.4822306582524272,0.4806996414728682,0.4785451976744186,0.4767046143410853,0.4730480193798449,0.4718188158914729,0.47008891472868214,0.4695777034883721,0.4689827093023256,0.4692484108527131,0.47029855813953486,0.4702971686046511,0.4719504224806202,0.4693589534883721,0.4695599573643411,0.46939373255813954,0.46894229263565884,0.46852957945736434,0.46837338178294574,0.46930995930232555,0.46837818604651166,0.46716735271317833,0.4669733972868217,0.46898068604651166,0.4674330484496124,0.46812666279069765,0.4682524186046512,0.4686529806201551,0.4681201511627907,0.46836053294573643,0.4687592441860466,0.46884961046511625,0.47032392635658915,0.4689716279069768,0.4678702073643411,0.46829866085271316,0.46852717248062015,0.46726515310077515,0.4677492519379845,0.46763112984496125]},"shr8":{"Nsolid":0,"shear":0.4,